,user_id
0,76e9a00d-4e7a-4219-b027-bcfa50d073c7
1,1301d915-c632-483d-8974-75387bd9ba86
2,63c4271e-b92f-49a7-bcda-e66484d5c271
3,eeb6bd31-3150-4afd-ab46-6736d34656b5
4,480c9233-6fc0-4857-8f5a-b60950890030
5,f08b0d3d-633e-443f-9071-933a70eb310c
6,4e6fe545-f84a-4dbf-a8af-6394ffb3756d
7,ffb17c4c-6e2a-40ea-80bc-889b0786aace
8,8735c155-b457-49ef-9dbd-7dbbfd3c61db
9,d1aae755-dbcf-4503-b19d-025e31481364
10,73910468-d44d-44c9-87a3-a10feeb2c2d0
11,f121af6d-f4a7-41b3-8258-04ecfe31ca81
12,105c676e-172f-40f2-9845-4d7a2248416c
13,6e5cfc72-6dba-4ddf-975f-656a3e5cc06b
14,798bca91-b8d6-4ac6-8109-39bae470d23f
15,642e3495-9383-464e-b034-070390477877
16,fdead598-b431-43d2-b3ef-fef3e9bdd7b1
17,725e5b9e-162e-4d6e-86c4-f24e07069839
18,29ae7db9-e89e-49d5-b592-b83c241dfea8
19,0213dfbc-2955-495c-8456-ba51007339e5
20,0a5227bd-47fc-4a4d-8f00-a31032a5ca38
21,46bd38d5-04ba-4e9a-9766-d3a16bc48b31
22,096d0bde-7641-4e9c-9ecf-d37523a6beff
23,6786f3e0-5cbd-48f2-aec0-a23549dd4bff
